<AssetPackage Name="mycompany-scene" Version="0.1.0">
	<ItemSettings>
		<ContentType>SCENERY</ContentType>
		<Description/>
	</ItemSettings>
	<Flags>
		<VisibleInStore>false</VisibleInStore>
		<CanBeReferenced>false</CanBeReferenced>
	</Flags>
	<AssetGroups>
		<AssetGroup Name="ContentInfo">
			<Type>Copy</Type>
			<Flags>
				<FSXCompatibility>false</FSXCompatibility>
			</Flags>
			<AssetDir>PackageDefinitions\mycompany-scene\ContentInfo\</AssetDir>
			<OutputDir>ContentInfo\mycompany-scene\</OutputDir>
		</AssetGroup>
		<AssetGroup Name="mymodellib">
			<Type>ArtProj</Type>
			<Flags>
				<FSXCompatibility>false</FSXCompatibility>
			</Flags>
			<AssetDir>PackageSources\modelLib\</AssetDir>
			<OutputDir>scenery/global/scenery\</OutputDir>
		</AssetGroup>
		<AssetGroup Name="myscene">
			<Type>BGL</Type>
			<Flags>
				<FSXCompatibility>false</FSXCompatibility>
			</Flags>
			<AssetDir>PackageSources\scene\</AssetDir>
			<OutputDir>scenery/world/scenery\</OutputDir>
		</AssetGroup>
	</AssetGroups>
</AssetPackage>

