<AssetPackage Name="sbbe2" Version="0.1.0">
	<ItemSettings>
		<ContentType>AIRCRAFT</ContentType>
		<Title/>
		<Manufacturer/>
		<Creator/>
	</ItemSettings>
	<Flags>
		<VisibleInStore>false</VisibleInStore>
		<CanBeReferenced>false</CanBeReferenced>
	</Flags>
	<AssetGroups>
		<AssetGroup Name="ContentInfo">
			<Type>ContentInfo</Type>
			<Flags>
				<FSXCompatibility>false</FSXCompatibility>
			</Flags>
			<AssetDir>PackageDefinitions\sbbe2\ContentInfo</AssetDir>
			<OutputDir>ContentInfo\sbbe2</OutputDir>
		</AssetGroup>
		<AssetGroup Name="sbbe2">
			<Type>BGL</Type>
			<Flags>
				<FSXCompatibility>false</FSXCompatibility>
			</Flags>
			<AssetDir>PackageSources</AssetDir>
			<OutputDir>scenery</OutputDir>
		</AssetGroup>
	</AssetGroups>
</AssetPackage>

