<?xml version="1.0"?>
<FSData version="9.0">
	<!--SceneryObject name: Container_Pack01-->
	<SceneryObject lat="-1.43944098641207" lon="-48.49447524717357" alt="0.00000000000000" pitch="0.000000" bank="0.000000" heading="-74.000004" imageComplexity="VERY_SPARSE" altitudeIsAgl="TRUE" snapToGround="TRUE" snapToNormal="FALSE">
		<LibraryObject name="{CF574FED-7FB0-44B4-BD8F-5018CE5E1CC0}" scale="1.000000"/>
	</SceneryObject>
	<!--SceneryObject name: Container_Pack01-->
	<SceneryObject lat="-1.43912068376843" lon="-48.49434809893658" alt="0.00000000000000" pitch="0.000000" bank="0.000000" heading="-74.000004" imageComplexity="VERY_SPARSE" altitudeIsAgl="TRUE" snapToGround="TRUE" snapToNormal="FALSE">
		<LibraryObject name="{CF574FED-7FB0-44B4-BD8F-5018CE5E1CC0}" scale="1.000000"/>
	</SceneryObject>
	<!--SceneryObject name: Container_Pack02-->
	<SceneryObject lat="-1.43800036363239" lon="-48.49416803607912" alt="0.00000000000000" pitch="0.000000" bank="0.000000" heading="-74.000004" imageComplexity="VERY_SPARSE" altitudeIsAgl="TRUE" snapToGround="TRUE" snapToNormal="FALSE">
		<LibraryObject name="{BEA76D4C-93A7-4063-9140-F5999121A1FA}" scale="1.000000"/>
	</SceneryObject>
	<SceneryObject lat="-1.44580169284256" lon="-48.49881187313802" alt="0.00000000000000" pitch="0.000000" bank="0.000000" heading="-144.999998" imageComplexity="VERY_SPARSE" altitudeIsAgl="TRUE" snapToGround="TRUE" snapToNormal="FALSE">
		<SimObject containerTitle="CargoGas01" scale="1.000000"/>
	</SceneryObject>
	<SceneryObject lat="-1.43535724156622" lon="-48.50415314640621" alt="0.00000000000000" pitch="0.000000" bank="0.000000" heading="-74.000004" imageComplexity="VERY_SPARSE" altitudeIsAgl="TRUE" snapToGround="TRUE" snapToNormal="FALSE">
		<SimObject containerTitle="CargoGas01" scale="1.000000"/>
	</SceneryObject>
	<SceneryObject lat="-1.44837772713852" lon="-48.50097659779696" alt="0.00000000000000" pitch="0.000000" bank="0.000000" heading="-135.000000" imageComplexity="VERY_SPARSE" altitudeIsAgl="TRUE" snapToGround="TRUE" snapToNormal="FALSE">
		<SimObject containerTitle="CargoOil01" scale="1.000000"/>
	</SceneryObject>
</FSData>

